creation_date,prog_date,sunshine_total_h,sunshine_percent_total,temp_min,temp_max,precipitation_total_mm,wind_avg,wind_max,wind_dir_avg,weather_type,weather_icon
2026-01-20,2026-01-21,3.2333333333333334,35.92592592592593,1.5499999999999545,7.25,0.0,3.3662499999999995,3.6,147.3441241538253,wolkig,"<img src=""./data/online-icons/w_nebel.svg"" width=""32"">"
2026-01-20,2026-01-22,5.183333333333334,57.592592592592595,0.75,4.649999999999977,0.0,2.7225,3.09,110.46154654418035,heiter,"<img src=""./data/online-icons/w_nebel.svg"" width=""32"">"
2026-01-20,2026-01-23,1.4,15.555555555555555,0.44999999999998863,4.449999999999989,0.0,2.9370833333333333,3.6,106.98042457138524,bedeckt,"<img src=""./data/online-icons/w_nebel.svg"" width=""32"">"
2026-01-20,2026-01-24,1.65,18.333333333333332,-1.25,1.1499999999999773,0.0,2.8083333333333336,3.09,84.62531144093248,bedeckt,"<img src=""./data/online-icons/w_nebel.svg"" width=""32"">"
2026-01-20,2026-01-25,2.05,22.77777777777778,-0.6500000000000341,2.0499999999999545,0.0,2.7866666666666666,3.09,90.30300233858185,wolkig,"<img src=""./data/online-icons/w_nebel.svg"" width=""32"">"
2026-01-20,2026-01-26,0.7333333333333333,8.148148148148149,-1.3500000000000227,-0.05000000000001137,0.0,3.1962499999999996,3.6,61.091199052103036,bedeckt,"<img src=""./data/online-icons/w_nebel.svg"" width=""32"">"
2026-01-20,2026-01-27,0.9333333333333333,10.37037037037037,-2.3500000000000227,-0.6500000000000341,0.0,2.9166666666666665,3.09,92.57888053439291,bedeckt,"<img src=""./data/online-icons/w_nebel.svg"" width=""32"">"
2026-01-20,2026-01-28,1.7333333333333334,19.25925925925926,-1.9500000000000455,0.44999999999998863,0.0,3.3662499999999995,3.6,121.6162778537826,bedeckt,"<img src=""./data/online-icons/w_nebel.svg"" width=""32"">"
2026-01-20,2026-01-29,1.5,16.666666666666664,-2.8500000000000227,1.75,0.0,3.579166666666667,4.12,142.87383247179963,bedeckt,"<img src=""./data/online-icons/w_nebel.svg"" width=""32"">"
2026-01-20,2026-01-30,2.45,27.22222222222222,-1.150000000000034,2.1499999999999773,0.0,3.4516666666666667,4.12,161.28879256527443,wolkig,"<img src=""./data/online-icons/w_nebel.svg"" width=""32"">"
2026-01-21,2026-01-22,5.533333333333333,61.48148148148148,-0.05000000000001137,4.5499999999999545,0.0,2.4862499999999996,3.09,109.87160214603921,klar,"<img src=""./data/online-icons/w_nebel.svg"" width=""32"">"
2026-01-21,2026-01-23,2.7666666666666666,30.74074074074074,1.5499999999999545,5.349999999999966,0.0,2.7433333333333336,3.09,108.15172981955789,wolkig,"<img src=""./data/online-icons/w_nebel.svg"" width=""32"">"
2026-01-21,2026-01-24,0.75,8.333333333333332,0.44999999999998863,2.1499999999999773,0.0,2.5916666666666663,3.09,91.246436233096,bedeckt,"<img src=""./data/online-icons/w_nebel.svg"" width=""32"">"
2026-01-21,2026-01-25,1.8166666666666667,20.185185185185187,-0.6500000000000341,2.849999999999966,0.0,2.8083333333333336,3.09,77.7940200537281,wolkig,"<img src=""./data/online-icons/w_nebel.svg"" width=""32"">"
2026-01-21,2026-01-26,1.9833333333333334,22.037037037037038,-1.3500000000000227,0.9499999999999886,0.0,3.09,3.09,80.00317467278188,wolkig,"<img src=""./data/online-icons/w_nebel.svg"" width=""32"">"
2026-01-21,2026-01-27,1.7,18.88888888888889,-1.4500000000000455,1.75,0.0,3.5170833333333333,4.12,112.53803974305856,bedeckt,"<img src=""./data/online-icons/w_nebel.svg"" width=""32"">"
2026-01-21,2026-01-28,1.3,14.444444444444443,-0.1500000000000341,2.75,0.0,3.4299999999999997,3.6,124.45991239812281,bedeckt,"<img src=""./data/online-icons/w_nebel.svg"" width=""32"">"
2026-01-21,2026-01-29,1.65,18.333333333333332,-1.650000000000034,1.5499999999999545,0.0,3.2175,3.6,149.62907542840503,bedeckt,"<img src=""./data/online-icons/w_nebel.svg"" width=""32"">"
2026-01-21,2026-01-30,2.35,26.111111111111114,-0.35000000000002274,1.9499999999999886,0.0,3.5591666666666666,4.12,173.01171607674655,wolkig,"<img src=""./data/online-icons/w_nebel.svg"" width=""32"">"
2026-01-21,2026-01-31,2.05,22.77777777777778,-0.4500000000000455,2.6499999999999773,0.0,3.4941666666666666,4.12,175.69743558669313,wolkig,"<img src=""./data/online-icons/w_nebel.svg"" width=""32"">"
2026-01-22,2026-01-23,2.05,22.77777777777778,1.849999999999966,5.649999999999977,0.0,3.109583333333333,3.6,121.86440221904064,wolkig,"<img src=""./data/online-icons/w_nebel.svg"" width=""32"">"
2026-01-22,2026-01-24,0.6166666666666667,6.851851851851852,0.14999999999997726,2.1499999999999773,1.0,2.2724999999999995,2.57,102.62532328201064,bedeckt_schauer,"<img src=""./data/online-icons/w_nebel.svg"" width=""32"">"
2026-01-22,2026-01-25,3.033333333333333,33.7037037037037,-0.75,3.349999999999966,0.0,2.422916666666666,3.09,93.52308492480262,wolkig,"<img src=""./data/online-icons/w_nebel.svg"" width=""32"">"
2026-01-22,2026-01-26,0.7666666666666667,8.518518518518519,-1.25,0.44999999999998863,0.0,2.938333333333333,3.09,59.28428442409103,bedeckt,"<img src=""./data/online-icons/w_nebel.svg"" width=""32"">"
2026-01-22,2026-01-27,1.4166666666666667,15.74074074074074,-0.25,2.849999999999966,0.0,3.193333333333333,3.6,129.88779711194604,bedeckt,"<img src=""./data/online-icons/w_nebel.svg"" width=""32"">"
2026-01-22,2026-01-28,0.8,8.88888888888889,1.349999999999966,3.4499999999999886,0.0,3.5362500000000003,3.6,137.16452913012216,bedeckt,"<img src=""./data/online-icons/w_nebel.svg"" width=""32"">"
2026-01-22,2026-01-29,1.3833333333333333,15.37037037037037,1.0499999999999545,3.849999999999966,0.0,3.6650000000000005,4.12,143.8857803616537,bedeckt,"<img src=""./data/online-icons/w_nebel.svg"" width=""32"">"
2026-01-22,2026-01-30,1.1833333333333333,13.148148148148147,0.3499999999999659,3.25,1.4,3.6,3.6,142.28020149581926,bedeckt_schauer,"<img src=""./data/online-icons/w_nebel.svg"" width=""32"">"
2026-01-22,2026-01-31,1.6666666666666667,18.51851851851852,-0.9500000000000455,1.349999999999966,0.0,3.3024999999999998,3.6,148.4213654469006,bedeckt,"<img src=""./data/online-icons/w_nebel.svg"" width=""32"">"
2026-01-23,2026-01-24,0.26666666666666666,2.9629629629629632,-0.05000000000001137,2.25,2.8000000000000003,2.16625,2.57,100.59262588140399,bedeckt_schauer,"<img src=""./data/online-icons/w_nebel.svg"" width=""32"">"
2026-01-23,2026-01-25,3.5833333333333335,39.81481481481482,-1.4500000000000455,2.0499999999999545,0.0,2.3579166666666667,3.09,104.17559087639142,wolkig,"<img src=""./data/online-icons/w_nebel.svg"" width=""32"">"
2026-01-23,2026-01-26,0.31666666666666665,3.5185185185185186,-1.5500000000000114,0.14999999999997726,0.9,2.4,2.57,53.54112857555907,bedeckt_schauer,"<img src=""./data/online-icons/w_nebel.svg"" width=""32"">"
2026-01-23,2026-01-27,1.3833333333333333,15.37037037037037,-0.35000000000002274,3.4499999999999886,0.3,3.623333333333333,4.63,129.8710768558006,bedeckt_schauer,"<img src=""./data/online-icons/w_nebel.svg"" width=""32"">"
2026-01-23,2026-01-28,1.1833333333333333,13.148148148148147,2.5499999999999545,4.849999999999966,2.7,3.5812500000000003,4.12,164.1632746779046,bedeckt_schauer,"<img src=""./data/online-icons/w_nebel.svg"" width=""32"">"
2026-01-23,2026-01-29,1.3166666666666667,14.629629629629628,2.25,4.849999999999966,0.0,3.3662499999999995,3.6,170.86463292861526,bedeckt,"<img src=""./data/online-icons/w_nebel.svg"" width=""32"">"
2026-01-23,2026-01-30,0.8666666666666667,9.62962962962963,1.6499999999999773,3.349999999999966,0.0,3.6,3.6,165.00814374323966,bedeckt,"<img src=""./data/online-icons/w_nebel.svg"" width=""32"">"
2026-01-23,2026-01-31,1.4333333333333333,15.925925925925927,1.6499999999999773,4.25,0.0,3.7083333333333335,4.12,185.77760787090412,bedeckt,"<img src=""./data/online-icons/w_nebel.svg"" width=""32"">"
2026-01-23,2026-02-01,1.75,19.444444444444446,1.9499999999999886,5.149999999999977,0.0,3.49375,3.6,181.25400063260258,bedeckt,"<img src=""./data/online-icons/w_nebel.svg"" width=""32"">"
2026-01-24,2026-01-25,1.4833333333333334,16.48148148148148,-1.9500000000000455,1.5499999999999545,0.0,2.315,2.57,89.31878598816371,bedeckt,"<img src=""./data/online-icons/w_nebel.svg"" width=""32"">"
2026-01-24,2026-01-26,0.0,0.0,-0.8500000000000227,0.25,5.300000000000001,2.4641666666666664,3.09,356.7542906020199,bedeckt_regen,"<img src=""./data/online-icons/w_nebel.svg"" width=""32"">"
2026-01-24,2026-01-27,1.7833333333333334,19.814814814814817,-0.5500000000000114,2.349999999999966,1.2000000000000002,3.066666666666667,4.12,94.24438402390354,bedeckt_schauer,"<img src=""./data/online-icons/w_nebel.svg"" width=""32"">"
2026-01-24,2026-01-28,0.4666666666666667,5.185185185185185,2.0499999999999545,3.6499999999999773,7.0,2.9804166666666667,4.12,137.28704061746987,bedeckt_regen,"<img src=""./data/online-icons/w_nebel.svg"" width=""32"">"
2026-01-24,2026-01-29,1.4666666666666666,16.296296296296298,1.6499999999999773,4.349999999999966,0.0,3.0004166666666667,3.6,132.66631067004323,bedeckt,"<img src=""./data/online-icons/w_nebel.svg"" width=""32"">"
2026-01-24,2026-01-30,1.6,17.77777777777778,2.5499999999999545,5.0499999999999545,0.0,3.6445833333333333,4.12,152.01730844141957,bedeckt,"<img src=""./data/online-icons/w_nebel.svg"" width=""32"">"
2026-01-24,2026-01-31,1.6166666666666667,17.962962962962965,4.0499999999999545,6.149999999999977,0.0,4.289166666666667,4.63,169.00008885206012,bedeckt,"<img src=""./data/online-icons/w_nebel.svg"" width=""32"">"
2026-01-24,2026-02-01,1.7,18.88888888888889,4.25,7.0499999999999545,0.0,3.7300000000000004,4.12,178.2130632973409,bedeckt,"<img src=""./data/online-icons/w_nebel.svg"" width=""32"">"
2026-01-24,2026-02-02,1.6833333333333333,18.703703703703702,2.0499999999999545,4.5499999999999545,0.0,3.6220833333333338,4.12,167.3851351929277,bedeckt,"<img src=""./data/online-icons/w_nebel.svg"" width=""32"">"
2026-01-25,2026-01-26,0.0,0.0,-0.9500000000000455,0.25,3.8000000000000003,2.3995833333333327,3.09,314.5666994452024,bedeckt_schauer,"<img src=""./data/online-icons/w_nebel.svg"" width=""32"">"
2026-01-25,2026-01-27,1.5833333333333333,17.59259259259259,-0.25,3.25,3.0999999999999996,3.00125,4.63,143.42960770627172,bedeckt_schauer,"<img src=""./data/online-icons/w_nebel.svg"" width=""32"">"
2026-01-25,2026-01-28,0.03333333333333333,0.3703703703703704,1.5499999999999545,3.5499999999999545,9.600000000000001,2.6566666666666667,3.09,96.67570203251654,bedeckt_regen,"<img src=""./data/online-icons/w_nebel.svg"" width=""32"">"
2026-01-25,2026-01-29,1.0833333333333333,12.037037037037036,1.4499999999999886,4.149999999999977,2.2,2.8725,3.6,125.07003719615273,bedeckt_schauer,"<img src=""./data/online-icons/w_nebel.svg"" width=""32"">"
2026-01-25,2026-01-30,1.6833333333333333,18.703703703703702,1.6499999999999773,5.349999999999966,0.7,3.40875,3.6,148.65215740292666,bedeckt_schauer,"<img src=""./data/online-icons/w_nebel.svg"" width=""32"">"
2026-01-25,2026-01-31,1.5333333333333334,17.037037037037038,3.849999999999966,6.75,1.9,3.86,4.12,155.12824527010457,bedeckt_schauer,"<img src=""./data/online-icons/w_nebel.svg"" width=""32"">"
2026-01-25,2026-02-01,1.4166666666666667,15.74074074074074,2.849999999999966,5.649999999999977,1.3,3.1749999999999994,3.6,146.99949985565263,bedeckt_schauer,"<img src=""./data/online-icons/w_nebel.svg"" width=""32"">"
2026-01-25,2026-02-02,1.5666666666666667,17.40740740740741,1.849999999999966,4.349999999999966,0.0,3.3662499999999995,3.6,145.45670623171344,bedeckt,"<img src=""./data/online-icons/w_nebel.svg"" width=""32"">"
2026-01-25,2026-02-03,2.033333333333333,22.59259259259259,1.849999999999966,4.149999999999977,0.6,3.515,3.6,160.37473999901795,wolkig_schauer,"<img src=""./data/online-icons/w_nebel.svg"" width=""32"">"
2026-01-26,2026-01-27,0.9166666666666666,10.185185185185185,-0.35000000000002274,2.75,3.4000000000000004,2.9804166666666667,4.12,141.34325237876823,bedeckt_schauer,"<img src=""./data/online-icons/w_nebel.svg"" width=""32"">"
2026-01-26,2026-01-28,0.0,0.0,0.6499999999999773,2.75,6.9,2.7449999999999997,3.6,75.25278993879533,bedeckt_regen,"<img src=""./data/online-icons/w_nebel.svg"" width=""32"">"
2026-01-26,2026-01-29,0.11666666666666667,1.2962962962962963,-0.6500000000000341,0.9499999999999886,2.0999999999999996,2.6999999999999997,3.09,80.7456622598063,bedeckt_schauer,"<img src=""./data/online-icons/w_nebel.svg"" width=""32"">"
2026-01-26,2026-01-30,1.8833333333333333,20.925925925925924,-0.25,3.1499999999999773,0.0,3.516666666666667,4.12,128.33928393933616,wolkig,"<img src=""./data/online-icons/w_nebel.svg"" width=""32"">"
2026-01-26,2026-01-31,1.8833333333333333,20.925925925925924,1.5499999999999545,4.949999999999989,0.0,3.2591666666666668,3.6,136.58049378709512,wolkig,"<img src=""./data/online-icons/w_nebel.svg"" width=""32"">"
2026-01-26,2026-02-01,1.45,16.11111111111111,1.9499999999999886,5.149999999999977,0.0,3.2383333333333333,3.6,158.37839512130358,bedeckt,"<img src=""./data/online-icons/w_nebel.svg"" width=""32"">"
2026-01-26,2026-02-02,2.466666666666667,27.40740740740741,2.6499999999999773,6.149999999999977,0.7,3.8179166666666666,4.12,158.20873731740107,wolkig_schauer,"<img src=""./data/online-icons/w_nebel.svg"" width=""32"">"
2026-01-26,2026-02-03,2.2666666666666666,25.185185185185183,3.9499999999999886,7.849999999999966,0.0,4.055,4.12,165.37339481231868,wolkig,"<img src=""./data/online-icons/w_nebel.svg"" width=""32"">"
2026-01-26,2026-02-04,2.3666666666666667,26.296296296296294,3.4499999999999886,5.75,0.0,3.86,4.12,164.0826012224228,wolkig,"<img src=""./data/online-icons/w_nebel.svg"" width=""32"">"
2026-01-27,2026-01-28,0.08333333333333333,0.9259259259259258,0.25,2.1499999999999773,9.8,2.6158333333333332,3.09,86.57948020071319,bedeckt_regen,"<img src=""./data/online-icons/w_nebel.svg"" width=""32"">"
2026-01-27,2026-01-29,0.5166666666666667,5.7407407407407405,-1.150000000000034,0.25,1.7,2.6999999999999997,3.09,82.8964636084421,bedeckt_schauer,"<img src=""./data/online-icons/w_nebel.svg"" width=""32"">"
2026-01-27,2026-01-30,2.283333333333333,25.37037037037037,-0.9500000000000455,2.5499999999999545,0.0,3.2579166666666666,4.12,114.03628329536969,wolkig,"<img src=""./data/online-icons/w_nebel.svg"" width=""32"">"
2026-01-27,2026-01-31,1.7666666666666666,19.62962962962963,1.349999999999966,3.9499999999999886,0.0,3.515833333333333,4.12,128.12565527446822,bedeckt,"<img src=""./data/online-icons/w_nebel.svg"" width=""32"">"
2026-01-27,2026-02-01,1.9333333333333333,21.48148148148148,1.5499999999999545,5.5499999999999545,0.0,3.7737499999999997,4.63,145.9578857025695,wolkig,"<img src=""./data/online-icons/w_nebel.svg"" width=""32"">"
2026-01-27,2026-02-02,1.5666666666666667,17.40740740740741,2.6499999999999773,5.449999999999989,0.0,3.4299999999999997,3.6,147.13335308818046,bedeckt,"<img src=""./data/online-icons/w_nebel.svg"" width=""32"">"
2026-01-27,2026-02-03,2.6,28.888888888888886,3.349999999999966,6.449999999999989,0.0,3.6216666666666666,4.12,141.29155177153223,wolkig,"<img src=""./data/online-icons/w_nebel.svg"" width=""32"">"
2026-01-27,2026-02-04,2.066666666666667,22.962962962962962,3.0499999999999545,6.849999999999966,0.0,3.4299999999999997,3.6,150.95746905271517,wolkig,"<img src=""./data/online-icons/w_nebel.svg"" width=""32"">"
2026-01-27,2026-02-05,1.9666666666666666,21.85185185185185,2.25,5.5499999999999545,0.0,3.70875,4.12,161.04243965747878,wolkig,"<img src=""./data/online-icons/w_nebel.svg"" width=""32"">"
2026-01-28,2026-01-29,0.25,2.7777777777777777,-0.6500000000000341,0.3499999999999659,5.9,2.487083333333333,3.6,85.27317979119437,bedeckt_regen,"<img src=""./data/online-icons/w_nebel.svg"" width=""32"">"
2026-01-28,2026-01-30,2.433333333333333,27.037037037037038,-0.75,2.849999999999966,0.4,3.3025,4.63,124.00898649778827,wolkig_schauer,"<img src=""./data/online-icons/w_nebel.svg"" width=""32"">"
2026-01-28,2026-01-31,1.5,16.666666666666664,2.849999999999966,6.449999999999989,0.0,3.9675,4.63,137.9171297275472,bedeckt,"<img src=""./data/online-icons/w_nebel.svg"" width=""32"">"
2026-01-28,2026-02-01,2.1666666666666665,24.074074074074073,2.6499999999999773,5.5499999999999545,0.0,3.686666666666667,4.12,142.62584637823738,wolkig,"<img src=""./data/online-icons/w_nebel.svg"" width=""32"">"
2026-01-28,2026-02-02,3.566666666666667,39.62962962962963,1.849999999999966,5.649999999999977,0.0,3.40875,3.6,130.58900881908022,wolkig,"<img src=""./data/online-icons/w_nebel.svg"" width=""32"">"
2026-01-28,2026-02-03,2.316666666666667,25.74074074074074,3.0499999999999545,7.5499999999999545,0.0,3.6650000000000005,4.12,141.68338176171778,wolkig,"<img src=""./data/online-icons/w_nebel.svg"" width=""32"">"
2026-01-28,2026-02-04,1.65,18.333333333333332,3.6499999999999773,6.449999999999989,0.0,3.49375,3.6,164.24194875643514,bedeckt,"<img src=""./data/online-icons/w_nebel.svg"" width=""32"">"
2026-01-28,2026-02-05,1.8333333333333333,20.37037037037037,2.1499999999999773,5.149999999999977,1.0,3.4299999999999997,3.6,193.78833387356516,wolkig_schauer,"<img src=""./data/online-icons/w_nebel.svg"" width=""32"">"
2026-01-28,2026-02-06,2.2,24.444444444444443,0.049999999999954525,2.9499999999999886,0.0,3.45125,3.6,187.04027875544804,wolkig,"<img src=""./data/online-icons/w_nebel.svg"" width=""32"">"
2026-01-29,2026-01-30,3.5,38.88888888888889,-0.5500000000000114,3.25,0.30000000000000004,3.0879166666666666,4.12,122.91982624313971,wolkig_schauer,"<img src=""./data/online-icons/w_nebel.svg"" width=""32"">"
2026-01-29,2026-01-31,1.0666666666666667,11.851851851851853,1.9499999999999886,4.649999999999977,1.3,3.3891666666666667,4.12,137.66730605782885,bedeckt_schauer,"<img src=""./data/online-icons/w_nebel.svg"" width=""32"">"
2026-01-29,2026-02-01,1.7666666666666666,19.62962962962963,1.349999999999966,5.0499999999999545,0.0,3.3024999999999998,3.6,135.72403026606253,bedeckt,"<img src=""./data/online-icons/w_nebel.svg"" width=""32"">"
2026-01-29,2026-02-02,2.783333333333333,30.925925925925924,0.6499999999999773,3.5499999999999545,0.0,3.5391666666666666,4.63,111.50379827203238,wolkig,"<img src=""./data/online-icons/w_nebel.svg"" width=""32"">"
2026-01-29,2026-02-03,2.05,22.77777777777778,0.75,4.149999999999977,0.0,3.9466666666666668,4.12,125.3617591941333,wolkig,"<img src=""./data/online-icons/w_nebel.svg"" width=""32"">"
2026-01-29,2026-02-04,2.1166666666666667,23.51851851851852,0.5499999999999545,3.4499999999999886,0.0,3.3662499999999995,3.6,125.49933427087666,wolkig,"<img src=""./data/online-icons/w_nebel.svg"" width=""32"">"
2026-01-29,2026-02-05,2.25,25.0,-0.6500000000000341,1.4499999999999886,0.0,3.2387499999999996,3.6,109.81983913041779,wolkig,"<img src=""./data/online-icons/w_nebel.svg"" width=""32"">"
2026-01-29,2026-02-06,1.9,21.11111111111111,-1.4500000000000455,1.5499999999999545,0.0,3.15375,3.6,100.27018949176704,wolkig,"<img src=""./data/online-icons/w_nebel.svg"" width=""32"">"
2026-01-29,2026-02-07,1.8166666666666667,18.166666666666668,-1.25,2.0499999999999545,0.0,3.4299999999999997,3.6,127.27943756489378,bedeckt,"<img src=""./data/online-icons/w_nebel.svg"" width=""32"">"
2026-01-30,2026-01-31,0.5166666666666667,5.7407407407407405,2.0499999999999545,5.449999999999989,3.0,3.3883333333333336,4.63,134.459804275203,bedeckt_schauer,"<img src=""./data/online-icons/w_nebel.svg"" width=""32"">"
2026-01-30,2026-02-01,2.183333333333333,24.25925925925926,1.75,4.949999999999989,0.0,2.5075,3.09,131.10172206339547,wolkig,"<img src=""./data/online-icons/w_nebel.svg"" width=""32"">"
2026-01-30,2026-02-02,3.2333333333333334,35.92592592592593,-0.05000000000001137,3.849999999999966,0.0,3.7754166666666666,4.63,107.41174573913139,wolkig,"<img src=""./data/online-icons/w_nebel.svg"" width=""32"">"
2026-01-30,2026-02-03,1.45,16.11111111111111,-0.6500000000000341,3.1499999999999773,1.9000000000000001,3.967916666666666,4.63,119.58104491427702,bedeckt_schauer,"<img src=""./data/online-icons/w_nebel.svg"" width=""32"">"
2026-01-30,2026-02-04,2.9,32.22222222222222,1.849999999999966,5.649999999999977,0.0,3.28125,3.6,121.8348170216563,wolkig,"<img src=""./data/online-icons/w_nebel.svg"" width=""32"">"
2026-01-30,2026-02-05,1.1833333333333333,13.148148148148147,-0.05000000000001137,1.9499999999999886,0.0,3.0025,3.6,79.53750071802244,bedeckt,"<img src=""./data/online-icons/w_nebel.svg"" width=""32"">"
2026-01-30,2026-02-06,2.15,23.88888888888889,-0.75,1.6499999999999773,0.0,3.2170833333333335,3.6,93.99609685201187,wolkig,"<img src=""./data/online-icons/w_nebel.svg"" width=""32"">"
2026-01-30,2026-02-07,1.95,19.5,-0.25,4.0499999999999545,0.0,3.3874999999999997,3.6,123.45443275605004,bedeckt,"<img src=""./data/online-icons/w_nebel.svg"" width=""32"">"
2026-01-30,2026-02-08,2.2333333333333334,22.333333333333332,-0.6500000000000341,2.4499999999999886,0.0,3.4949999999999997,4.12,126.27749396981801,wolkig,"<img src=""./data/online-icons/w_nebel.svg"" width=""32"">"
2026-01-31,2026-02-01,2.1666666666666665,24.074074074074073,2.849999999999966,6.25,0.2,2.9166666666666665,3.09,143.00460045313594,wolkig_schauer,"<img src=""./data/online-icons/w_nebel.svg"" width=""32"">"
2026-01-31,2026-02-02,2.533333333333333,28.14814814814815,0.3499999999999659,3.349999999999966,0.30000000000000004,3.539583333333333,4.12,106.46722026334788,wolkig_schauer,"<img src=""./data/online-icons/w_nebel.svg"" width=""32"">"
2026-01-31,2026-02-03,1.1,12.222222222222221,-1.75,2.4499999999999886,0.5,3.86,4.12,97.47596133048364,bedeckt_schauer,"<img src=""./data/online-icons/w_nebel.svg"" width=""32"">"
2026-01-31,2026-02-04,3.4833333333333334,38.7037037037037,2.5499999999999545,7.75,0.8,3.6662500000000002,4.12,146.15604691050873,wolkig_schauer,"<img src=""./data/online-icons/w_nebel.svg"" width=""32"">"
2026-01-31,2026-02-05,1.5666666666666667,17.40740740740741,0.6499999999999773,3.6499999999999773,0.0,3.0679166666666666,3.6,94.281509275693,bedeckt,"<img src=""./data/online-icons/w_nebel.svg"" width=""32"">"
2026-01-31,2026-02-06,1.8,20.0,-0.1500000000000341,1.6499999999999773,0.0,3.3662499999999995,3.6,79.45546442664079,wolkig,"<img src=""./data/online-icons/w_nebel.svg"" width=""32"">"
2026-01-31,2026-02-07,1.7666666666666666,17.666666666666668,-0.6500000000000341,1.6499999999999773,0.0,3.2175,3.6,73.20387442519097,bedeckt,"<img src=""./data/online-icons/w_nebel.svg"" width=""32"">"
2026-01-31,2026-02-08,1.7666666666666666,17.666666666666668,-1.8500000000000227,1.4499999999999886,0.0,3.40875,3.6,86.8333977473668,bedeckt,"<img src=""./data/online-icons/w_nebel.svg"" width=""32"">"
2026-01-31,2026-02-09,2.6333333333333333,26.333333333333332,-2.9500000000000455,0.5499999999999545,0.0,3.6654166666666668,4.12,107.01675835253434,wolkig,"<img src=""./data/online-icons/w_nebel.svg"" width=""32"">"
2026-02-01,2026-02-02,0.6833333333333333,7.592592592592593,0.75,4.349999999999966,3.0,3.99,4.12,115.05177300543482,bedeckt_schauer,"<img src=""./data/online-icons/w_nebel.svg"" width=""32"">"
2026-02-01,2026-02-03,0.45,5.0,-0.5500000000000114,2.6499999999999773,4.1,3.9462499999999996,4.63,96.94202266809151,bedeckt_schauer,"<img src=""./data/online-icons/w_nebel.svg"" width=""32"">"
2026-02-01,2026-02-04,4.133333333333334,45.925925925925924,2.0499999999999545,6.649999999999977,0.4,3.4299999999999997,3.6,121.03041298857727,heiter_schauer,"<img src=""./data/online-icons/w_nebel.svg"" width=""32"">"
2026-02-01,2026-02-05,2.216666666666667,24.62962962962963,-0.1500000000000341,2.4499999999999886,0.0,3.153333333333333,3.6,83.58305818855064,wolkig,"<img src=""./data/online-icons/w_nebel.svg"" width=""32"">"
2026-02-01,2026-02-06,1.8,20.0,-0.8500000000000227,3.0499999999999545,0.2,3.15375,3.6,86.58770847880379,wolkig_schauer,"<img src=""./data/online-icons/w_nebel.svg"" width=""32"">"
2026-02-01,2026-02-07,1.1833333333333333,11.833333333333334,1.9499999999999886,5.149999999999977,3.4000000000000004,2.938333333333334,3.09,121.49642936978631,bedeckt_schauer,"<img src=""./data/online-icons/w_nebel.svg"" width=""32"">"
2026-02-01,2026-02-08,2.1666666666666665,21.666666666666668,2.1499999999999773,4.949999999999989,0.30000000000000004,3.109583333333333,3.6,138.56075991170837,wolkig_schauer,"<img src=""./data/online-icons/w_nebel.svg"" width=""32"">"
2026-02-01,2026-02-09,1.8166666666666667,18.166666666666668,0.8499999999999659,4.149999999999977,0.0,3.3024999999999998,3.6,164.51133905514882,bedeckt,"<img src=""./data/online-icons/w_nebel.svg"" width=""32"">"
2026-02-01,2026-02-10,2.2666666666666666,22.666666666666664,0.44999999999998863,2.5499999999999545,0.0,3.495833333333333,4.12,213.48874655574846,wolkig,"<img src=""./data/online-icons/w_nebel.svg"" width=""32"">"
2026-02-03,2026-02-04,3.933333333333333,43.7037037037037,2.6499999999999773,7.849999999999966,1.4,3.32375,3.6,114.60443419469027,heiter_schauer,"<img src=""./data/online-icons/w_nebel.svg"" width=""32"">"
2026-02-03,2026-02-05,1.7666666666666666,19.62962962962963,0.25,3.1499999999999773,0.0,2.893333333333333,3.6,81.99422522029266,bedeckt,"<img src=""./data/online-icons/w_nebel.svg"" width=""32"">"
2026-02-03,2026-02-06,0.9666666666666667,10.74074074074074,1.6499999999999773,6.149999999999977,1.4,2.7216666666666662,3.09,129.58220329401615,bedeckt_schauer,"<img src=""./data/online-icons/w_nebel.svg"" width=""32"">"
2026-02-03,2026-02-07,2.533333333333333,25.333333333333336,5.649999999999977,9.449999999999989,0.1,2.8083333333333336,3.09,170.47719939553167,wolkig_schauer,"<img src=""./data/online-icons/w_nebel.svg"" width=""32"">"
2026-02-03,2026-02-08,2.0833333333333335,20.833333333333336,4.25,8.25,0.0,2.938333333333333,3.09,133.6971346845645,wolkig,"<img src=""./data/online-icons/w_nebel.svg"" width=""32"">"
2026-02-03,2026-02-09,2.6166666666666667,26.166666666666664,2.849999999999966,5.5499999999999545,0.0,3.5608333333333335,4.12,131.2075077764148,wolkig,"<img src=""./data/online-icons/w_nebel.svg"" width=""32"">"
2026-02-03,2026-02-10,2.55,25.5,2.0499999999999545,5.0499999999999545,0.0,3.5370833333333334,4.12,132.39118259591015,wolkig,"<img src=""./data/online-icons/w_nebel.svg"" width=""32"">"
2026-02-03,2026-02-11,2.5,25.0,1.9499999999999886,5.649999999999977,0.0,3.3666666666666667,4.12,131.50602349786323,wolkig,"<img src=""./data/online-icons/w_nebel.svg"" width=""32"">"
2026-02-03,2026-02-12,2.2333333333333334,22.333333333333332,0.8499999999999659,3.9499999999999886,0.0,3.5379166666666664,4.12,151.364481750243,wolkig,"<img src=""./data/online-icons/w_nebel.svg"" width=""32"">"
2026-02-04,2026-02-05,1.5833333333333333,17.59259259259259,0.5499999999999545,4.25,0.0,2.9804166666666667,3.6,87.81685754332767,bedeckt,"<img src=""./data/online-icons/w_nebel.svg"" width=""32"">"
2026-02-04,2026-02-06,1.1833333333333333,13.148148148148147,1.4499999999999886,5.449999999999989,0.7000000000000001,2.487083333333333,3.09,129.9251032802726,bedeckt_schauer,"<img src=""./data/online-icons/w_nebel.svg"" width=""32"">"
2026-02-04,2026-02-07,1.9166666666666667,19.166666666666668,5.349999999999966,8.449999999999989,0.2,2.5075,3.09,171.18701004022,bedeckt_schauer,"<img src=""./data/online-icons/w_nebel.svg"" width=""32"">"
2026-02-04,2026-02-08,3.0833333333333335,30.833333333333336,3.6499999999999773,7.75,0.0,2.57,2.57,132.9998391154486,wolkig,"<img src=""./data/online-icons/w_nebel.svg"" width=""32"">"
2026-02-04,2026-02-09,2.75,27.500000000000004,2.349999999999966,5.949999999999989,0.0,2.9800000000000004,3.6,123.89114158248066,wolkig,"<img src=""./data/online-icons/w_nebel.svg"" width=""32"">"
2026-02-04,2026-02-10,1.8333333333333333,18.333333333333332,2.4499999999999886,5.949999999999989,0.0,3.4525,4.12,121.50489753239549,bedeckt,"<img src=""./data/online-icons/w_nebel.svg"" width=""32"">"
2026-02-04,2026-02-11,1.6833333333333333,16.833333333333332,2.9499999999999886,5.949999999999989,2.9000000000000004,3.515,3.6,142.9500365021819,bedeckt_schauer,"<img src=""./data/online-icons/w_nebel.svg"" width=""32"">"
2026-02-04,2026-02-12,1.9833333333333334,19.833333333333332,0.9499999999999886,4.849999999999966,1.4,3.4729166666666664,4.12,164.3501328611136,bedeckt_schauer,"<img src=""./data/online-icons/w_nebel.svg"" width=""32"">"
2026-02-04,2026-02-13,1.8666666666666667,18.666666666666668,-0.25,2.4499999999999886,0.0,3.3454166666666665,4.12,177.0379444947091,bedeckt,"<img src=""./data/online-icons/w_nebel.svg"" width=""32"">"
2026-02-05,2026-02-06,0.4,4.444444444444445,1.5499999999999545,5.75,0.30000000000000004,2.465,3.09,131.6092387739999,bedeckt_schauer,"<img src=""./data/online-icons/w_nebel.svg"" width=""32"">"
2026-02-05,2026-02-07,2.6,26.0,5.75,9.649999999999977,0.5,2.59375,3.09,175.03832740723078,wolkig_schauer,"<img src=""./data/online-icons/w_nebel.svg"" width=""32"">"
2026-02-05,2026-02-08,3.566666666666667,35.66666666666667,3.6499999999999773,7.649999999999977,0.0,2.7216666666666662,3.09,135.55302796465628,wolkig,"<img src=""./data/online-icons/w_nebel.svg"" width=""32"">"
2026-02-05,2026-02-09,3.066666666666667,30.666666666666664,2.349999999999966,6.349999999999966,0.0,2.7866666666666666,3.09,131.4169811174342,wolkig,"<img src=""./data/online-icons/w_nebel.svg"" width=""32"">"
2026-02-05,2026-02-10,2.85,28.499999999999996,2.1499999999999773,6.649999999999977,0.0,3.3874999999999997,3.6,137.5858688465102,wolkig,"<img src=""./data/online-icons/w_nebel.svg"" width=""32"">"
2026-02-05,2026-02-11,1.8,18.0,2.6499999999999773,5.449999999999989,3.0,3.5366666666666666,4.12,140.04170291294935,bedeckt_schauer,"<img src=""./data/online-icons/w_nebel.svg"" width=""32"">"
2026-02-05,2026-02-12,1.6833333333333333,16.833333333333332,1.6499999999999773,4.349999999999966,4.199999999999999,3.4308333333333336,4.12,145.22869897703117,bedeckt_schauer,"<img src=""./data/online-icons/w_nebel.svg"" width=""32"">"
2026-02-05,2026-02-13,2.35,23.5,-0.4500000000000455,2.5499999999999545,0.0,3.643333333333333,4.12,172.31294433131745,wolkig,"<img src=""./data/online-icons/w_nebel.svg"" width=""32"">"
2026-02-05,2026-02-14,2.45,24.5,-1.9500000000000455,2.0499999999999545,4.8,3.7300000000000004,4.12,183.1640729440235,wolkig_schauer,"<img src=""./data/online-icons/w_nebel.svg"" width=""32"">"
2026-02-06,2026-02-07,2.1666666666666665,21.666666666666668,5.149999999999977,9.25,0.4,2.0375,2.57,180.58883240292107,wolkig_schauer,"<img src=""./data/online-icons/w_nebel.svg"" width=""32"">"
2026-02-06,2026-02-08,3.1166666666666667,31.166666666666664,2.1499999999999773,6.75,0.0,2.16625,2.57,119.94219381695336,wolkig,"<img src=""./data/online-icons/w_nebel.svg"" width=""32"">"
2026-02-06,2026-02-09,2.1,21.0,0.6499999999999773,5.0499999999999545,0.0,2.6154166666666665,3.09,129.95436591171818,wolkig,"<img src=""./data/online-icons/w_nebel.svg"" width=""32"">"
2026-02-06,2026-02-10,2.8,28.000000000000004,1.5499999999999545,6.5499999999999545,0.0,3.32375,4.12,148.12403501467838,wolkig,"<img src=""./data/online-icons/w_nebel.svg"" width=""32"">"
2026-02-06,2026-02-11,1.65,16.5,3.75,6.649999999999977,5.8,3.644166666666667,4.12,159.57751033589773,bedeckt_regen,"<img src=""./data/online-icons/w_nebel.svg"" width=""32"">"
2026-02-06,2026-02-12,0.9833333333333333,9.833333333333332,3.849999999999966,5.5499999999999545,6.3999999999999995,3.6654166666666668,4.12,213.49983979404354,bedeckt_regen,"<img src=""./data/online-icons/w_nebel.svg"" width=""32"">"
2026-02-06,2026-02-13,1.3166666666666667,13.166666666666666,1.0499999999999545,3.75,5.5,3.6233333333333335,4.12,234.10144499104615,bedeckt_regen,"<img src=""./data/online-icons/w_nebel.svg"" width=""32"">"
2026-02-06,2026-02-14,1.9666666666666666,19.666666666666664,-0.35000000000002274,2.25,1.7000000000000002,3.6449999999999996,4.12,210.9235291244083,bedeckt_schauer,"<img src=""./data/online-icons/w_nebel.svg"" width=""32"">"
2026-02-06,2026-02-15,2.65,26.5,0.25,3.9499999999999886,0.2,3.794583333333333,4.63,191.08293538790343,wolkig_schauer,"<img src=""./data/online-icons/w_nebel.svg"" width=""32"">"
2026-02-07,2026-02-08,2.6666666666666665,26.666666666666668,2.4499999999999886,7.0499999999999545,0.0,2.315,2.57,119.25128190936499,wolkig,"<img src=""./data/online-icons/w_nebel.svg"" width=""32"">"
2026-02-07,2026-02-09,4.016666666666667,40.166666666666664,0.75,5.949999999999989,0.0,2.4875,3.09,122.16548060104822,heiter,"<img src=""./data/online-icons/w_nebel.svg"" width=""32"">"
2026-02-07,2026-02-10,4.483333333333333,44.83333333333333,1.9499999999999886,7.5499999999999545,0.5,3.668333333333333,4.63,144.37345478720817,heiter_schauer,"<img src=""./data/online-icons/w_nebel.svg"" width=""32"">"
2026-02-07,2026-02-11,1.1166666666666667,11.166666666666666,5.25,8.549999999999955,9.5,3.859583333333333,4.63,179.55894004593665,bedeckt_regen,"<img src=""./data/online-icons/w_nebel.svg"" width=""32"">"
2026-02-07,2026-02-12,0.95,9.5,6.0499999999999545,8.349999999999966,8.9,3.624166666666667,4.12,218.03996086880673,bedeckt_regen,"<img src=""./data/online-icons/w_nebel.svg"" width=""32"">"
2026-02-07,2026-02-13,1.2333333333333334,12.333333333333334,2.25,6.449999999999989,7.1,3.26,3.6,250.39380598487259,bedeckt_regen,"<img src=""./data/online-icons/w_nebel.svg"" width=""32"">"
2026-02-07,2026-02-14,1.5666666666666667,15.666666666666668,-0.6500000000000341,1.849999999999966,0.0,3.4741666666666666,4.12,274.15943117416197,bedeckt,"<img src=""./data/online-icons/w_nebel.svg"" width=""32"">"
2026-02-07,2026-02-15,2.8333333333333335,28.333333333333332,-1.3500000000000227,2.0499999999999545,0.0,3.9250000000000003,4.63,226.75407904237127,wolkig,"<img src=""./data/online-icons/w_nebel.svg"" width=""32"">"
2026-02-07,2026-02-16,2.7333333333333334,27.333333333333332,0.8499999999999659,3.849999999999966,0.0,3.9250000000000003,4.12,229.33147826107077,wolkig,"<img src=""./data/online-icons/w_nebel.svg"" width=""32"">"
2026-02-08,2026-02-09,2.716666666666667,27.166666666666668,1.5499999999999545,6.25,0.0,2.8095833333333338,4.12,135.4733733449704,wolkig,"<img src=""./data/online-icons/w_nebel.svg"" width=""32"">"
2026-02-08,2026-02-10,2.7,27.0,3.0499999999999545,7.949999999999989,0.6000000000000001,4.225,4.63,152.74597823412125,wolkig_schauer,"<img src=""./data/online-icons/w_nebel.svg"" width=""32"">"
2026-02-08,2026-02-11,0.55,5.5,5.949999999999989,8.649999999999977,8.5,3.750833333333333,4.63,186.49973234819493,bedeckt_regen,"<img src=""./data/online-icons/w_nebel.svg"" width=""32"">"
2026-02-08,2026-02-12,0.7833333333333333,7.833333333333334,6.25,8.75,8.0,3.70875,4.12,223.77801695679995,bedeckt_regen,"<img src=""./data/online-icons/w_nebel.svg"" width=""32"">"
2026-02-08,2026-02-13,1.7833333333333334,17.833333333333336,2.849999999999966,6.449999999999989,5.7,3.237083333333333,3.6,256.27848704408893,bedeckt_regen,"<img src=""./data/online-icons/w_nebel.svg"" width=""32"">"
2026-02-08,2026-02-14,2.55,25.5,0.6499999999999773,3.349999999999966,1.1,3.3029166666666665,4.12,264.16740498553247,wolkig_schauer,"<img src=""./data/online-icons/w_nebel.svg"" width=""32"">"
2026-02-08,2026-02-15,2.55,25.5,-0.1500000000000341,3.1499999999999773,0.0,3.4091666666666662,4.12,235.1978371664021,wolkig,"<img src=""./data/online-icons/w_nebel.svg"" width=""32"">"
2026-02-08,2026-02-16,2.783333333333333,27.833333333333332,1.349999999999966,3.9499999999999886,0.0,3.6666666666666665,4.12,204.46533304871636,wolkig,"<img src=""./data/online-icons/w_nebel.svg"" width=""32"">"
2026-02-08,2026-02-17,2.25,22.5,1.25,4.25,2.4,3.5170833333333333,4.12,205.04810286225435,wolkig_schauer,"<img src=""./data/online-icons/w_nebel.svg"" width=""32"">"
2026-02-09,2026-02-10,1.85,18.5,2.849999999999966,7.349999999999966,0.7000000000000001,4.587916666666667,5.66,155.58557340120137,bedeckt_schauer,"<img src=""./data/online-icons/w_nebel.svg"" width=""32"">"
2026-02-09,2026-02-11,0.4,4.0,7.0499999999999545,9.149999999999977,7.1,3.796666666666667,4.12,195.27604292715685,bedeckt_regen,"<img src=""./data/online-icons/w_nebel.svg"" width=""32"">"
2026-02-09,2026-02-12,0.5333333333333333,5.333333333333334,6.75,9.25,12.7,3.5583333333333336,4.12,209.97563336375202,bedeckt_regen,"<img src=""./data/online-icons/w_nebel.svg"" width=""32"">"
2026-02-09,2026-02-13,0.7833333333333333,7.833333333333334,3.6499999999999773,6.849999999999966,7.499999999999999,3.322083333333333,3.6,249.33863374973063,bedeckt_regen,"<img src=""./data/online-icons/w_nebel.svg"" width=""32"">"
2026-02-09,2026-02-14,1.9,19.0,-0.9500000000000455,3.9499999999999886,3.0,2.7220833333333334,3.09,290.41344622438976,bedeckt_schauer,"<img src=""./data/online-icons/w_nebel.svg"" width=""32"">"
2026-02-09,2026-02-15,3.3333333333333335,33.33333333333333,-1.75,3.0499999999999545,0.0,3.4304166666666664,4.63,212.57423515568027,wolkig,"<img src=""./data/online-icons/w_nebel.svg"" width=""32"">"
2026-02-09,2026-02-16,1.6666666666666667,16.666666666666664,1.349999999999966,4.5499999999999545,2.9,4.18375,4.63,192.51518212814247,bedeckt_schauer,"<img src=""./data/online-icons/w_nebel.svg"" width=""32"">"
2026-02-09,2026-02-17,1.3666666666666667,13.666666666666666,3.6499999999999773,7.149999999999977,6.9,4.375,5.14,211.16753214151683,bedeckt_regen,"<img src=""./data/online-icons/w_nebel.svg"" width=""32"">"
2026-02-09,2026-02-18,1.65,16.5,4.349999999999966,6.849999999999966,4.3,4.3325000000000005,5.14,220.50002550999585,bedeckt_schauer,"<img src=""./data/online-icons/w_nebel.svg"" width=""32"">"
2026-02-10,2026-02-11,0.18333333333333332,1.8333333333333333,7.449999999999989,9.25,11.3,3.6024999999999996,4.63,199.99240050641458,bedeckt_regen,"<img src=""./data/online-icons/w_nebel.svg"" width=""32"">"
2026-02-10,2026-02-12,0.4666666666666667,4.666666666666667,6.149999999999977,8.649999999999977,14.299999999999999,3.387916666666667,4.12,201.3038108460653,bedeckt_regen,"<img src=""./data/online-icons/w_nebel.svg"" width=""32"">"
2026-02-10,2026-02-13,0.2,2.0,1.9499999999999886,5.849999999999966,6.9,3.3658333333333332,3.6,224.68392014556878,bedeckt_regen,"<img src=""./data/online-icons/w_nebel.svg"" width=""32"">"
2026-02-10,2026-02-14,1.4166666666666667,14.166666666666666,-2.650000000000034,1.4499999999999886,3.1000000000000005,3.5591666666666675,4.12,8.50177470485886,bedeckt_schauer,"<img src=""./data/online-icons/w_nebel.svg"" width=""32"">"
2026-02-10,2026-02-15,3.8,38.0,-4.4500000000000455,0.6499999999999773,0.0,3.344583333333334,4.63,136.094110344,wolkig,"<img src=""./data/online-icons/w_nebel.svg"" width=""32"">"
2026-02-10,2026-02-16,2.1,21.0,-1.3500000000000227,3.6499999999999773,2.6999999999999997,4.545,4.63,177.28976949991102,wolkig_schauer,"<img src=""./data/online-icons/w_nebel.svg"" width=""32"">"
2026-02-10,2026-02-17,1.1833333333333333,11.833333333333334,2.1499999999999773,4.25,7.3,4.09625,4.63,217.56481382388773,bedeckt_regen,"<img src=""./data/online-icons/w_nebel.svg"" width=""32"">"
2026-02-10,2026-02-18,2.533333333333333,25.333333333333336,1.5499999999999545,4.449999999999989,4.0,4.204166666666667,4.63,220.18797546992516,wolkig_schauer,"<img src=""./data/online-icons/w_nebel.svg"" width=""32"">"
2026-02-10,2026-02-19,2.566666666666667,25.666666666666664,2.6499999999999773,5.649999999999977,2.8,4.182916666666667,4.63,201.99925047497769,wolkig_schauer,"<img src=""./data/online-icons/w_nebel.svg"" width=""32"">"
2026-02-11,2026-02-12,0.13333333333333333,1.3333333333333335,6.5499999999999545,8.349999999999966,11.6,2.6366666666666667,3.6,219.70568519388803,bedeckt_regen,"<img src=""./data/online-icons/w_nebel.svg"" width=""32"">"
2026-02-11,2026-02-13,0.06666666666666667,0.6666666666666667,0.75,6.349999999999966,5.2,3.06625,3.6,301.46913100303186,bedeckt_regen,"<img src=""./data/online-icons/w_nebel.svg"" width=""32"">"
2026-02-11,2026-02-14,1.2833333333333334,12.833333333333332,-1.8500000000000227,0.5499999999999545,1.4,3.4308333333333336,4.12,2.595311275169763,bedeckt_schauer,"<img src=""./data/online-icons/w_nebel.svg"" width=""32"">"
2026-02-11,2026-02-15,4.433333333333334,44.333333333333336,-3.0500000000000114,2.6499999999999773,0.0,3.815416666666667,5.66,178.55540728353503,heiter,"<img src=""./data/online-icons/w_nebel.svg"" width=""32"">"
2026-02-11,2026-02-16,1.25,12.5,0.9499999999999886,4.449999999999989,7.1,5.015000000000001,5.66,209.06694129605825,bedeckt_regen,"<img src=""./data/online-icons/w_nebel.svg"" width=""32"">"
2026-02-11,2026-02-17,1.1,11.0,2.849999999999966,5.25,7.1000000000000005,4.095833333333333,4.63,238.04182623013972,bedeckt_regen,"<img src=""./data/online-icons/w_nebel.svg"" width=""32"">"
2026-02-11,2026-02-18,1.7833333333333334,17.833333333333336,2.1499999999999773,5.349999999999966,2.0,3.8370833333333336,4.63,204.1550296859009,bedeckt_schauer,"<img src=""./data/online-icons/w_nebel.svg"" width=""32"">"
2026-02-11,2026-02-19,2.816666666666667,28.166666666666668,2.9499999999999886,5.449999999999989,0.0,3.795,4.12,185.8383581031521,wolkig,"<img src=""./data/online-icons/w_nebel.svg"" width=""32"">"
2026-02-11,2026-02-20,2.8666666666666667,28.666666666666668,1.9499999999999886,4.5499999999999545,2.6,3.6662500000000002,4.12,185.52184992276318,wolkig_schauer,"<img src=""./data/online-icons/w_nebel.svg"" width=""32"">"
2026-02-12,2026-02-13,0.016666666666666666,0.16666666666666669,1.4499999999999886,6.949999999999989,2.8,3.2166666666666663,3.6,293.171585666299,bedeckt_schauer,"<img src=""./data/online-icons/w_nebel.svg"" width=""32"">"
2026-02-12,2026-02-14,0.36666666666666664,3.6666666666666665,-2.3500000000000227,1.25,0.6000000000000001,3.6458333333333335,4.63,21.902991991946863,bedeckt_schauer,"<img src=""./data/online-icons/w_nebel.svg"" width=""32"">"
2026-02-12,2026-02-15,5.116666666666666,51.16666666666667,-3.650000000000034,2.1499999999999773,0.0,3.644166666666667,5.66,161.40600454494893,heiter,"<img src=""./data/online-icons/w_nebel.svg"" width=""32"">"
2026-02-12,2026-02-16,0.31666666666666665,3.166666666666667,1.4499999999999886,4.349999999999966,6.9,3.859166666666667,5.66,188.89376145873757,bedeckt_regen,"<img src=""./data/online-icons/w_nebel.svg"" width=""32"">"
2026-02-12,2026-02-17,1.6666666666666667,16.666666666666664,2.1499999999999773,3.6499999999999773,5.4,3.152916666666666,3.6,242.8982519318719,bedeckt_regen,"<img src=""./data/online-icons/w_nebel.svg"" width=""32"">"
2026-02-12,2026-02-18,2.45,24.5,1.4499999999999886,4.949999999999989,5.6,3.345,3.6,219.73577625529455,bedeckt_regen,"<img src=""./data/online-icons/w_nebel.svg"" width=""32"">"
2026-02-12,2026-02-19,2.0,20.0,0.14999999999997726,2.9499999999999886,1.1,3.5820833333333333,4.12,171.91802238990545,wolkig_schauer,"<img src=""./data/online-icons/w_nebel.svg"" width=""32"">"
2026-02-12,2026-02-20,2.566666666666667,25.666666666666664,-0.05000000000001137,3.0499999999999545,0.0,4.05375,4.63,185.94234888791325,wolkig,"<img src=""./data/online-icons/w_nebel.svg"" width=""32"">"
2026-02-12,2026-02-21,2.45,24.5,-1.0500000000000114,3.349999999999966,0.0,4.117500000000001,4.63,184.74700225821144,wolkig,"<img src=""./data/online-icons/w_nebel.svg"" width=""32"">"
2026-02-13,2026-02-14,0.016666666666666666,0.16666666666666669,-1.25,1.75,0.5,3.9879166666666666,4.63,20.225100378048012,bedeckt_schauer,"<img src=""./data/online-icons/w_nebel.svg"" width=""32"">"
2026-02-13,2026-02-15,4.4,44.0,-2.5500000000000114,2.349999999999966,0.8,3.9433333333333334,6.17,160.15288697158212,heiter_schauer,"<img src=""./data/online-icons/w_nebel.svg"" width=""32"">"
2026-02-13,2026-02-16,0.03333333333333333,0.33333333333333337,0.44999999999998863,3.5499999999999545,9.4,3.665833333333333,5.66,214.74156740528548,bedeckt_regen,"<img src=""./data/online-icons/w_nebel.svg"" width=""32"">"
2026-02-13,2026-02-17,0.8,8.0,1.25,3.349999999999966,4.9,3.044166666666667,3.6,275.0624985441591,bedeckt_schauer,"<img src=""./data/online-icons/w_nebel.svg"" width=""32"">"
2026-02-13,2026-02-18,1.95,19.5,0.14999999999997726,3.9499999999999886,1.6,3.7741666666666664,4.63,181.8012351609629,bedeckt_schauer,"<img src=""./data/online-icons/w_nebel.svg"" width=""32"">"
2026-02-13,2026-02-19,1.3666666666666667,13.666666666666666,2.849999999999966,6.25,7.800000000000001,4.5025,5.14,180.5996545509796,bedeckt_regen,"<img src=""./data/online-icons/w_nebel.svg"" width=""32"">"
2026-02-13,2026-02-20,2.5833333333333335,25.833333333333336,2.5499999999999545,5.25,1.7,4.245416666666666,5.14,220.0239022592738,wolkig_schauer,"<img src=""./data/online-icons/w_nebel.svg"" width=""32"">"
2026-02-13,2026-02-21,2.7,27.0,1.349999999999966,3.4499999999999886,0.0,3.81625,4.63,231.66519903410045,wolkig,"<img src=""./data/online-icons/w_nebel.svg"" width=""32"">"
2026-02-13,2026-02-22,3.283333333333333,32.83333333333333,1.25,4.0499999999999545,0.0,3.709166666666667,4.12,235.23526478306997,wolkig,"<img src=""./data/online-icons/w_nebel.svg"" width=""32"">"
2026-02-14,2026-02-15,4.883333333333334,48.833333333333336,-3.0500000000000114,2.6499999999999773,1.8,4.114999999999999,7.2,146.5398868424238,heiter_schauer,"<img src=""./data/online-icons/w_nebel.svg"" width=""32"">"
2026-02-14,2026-02-16,0.0,0.0,1.349999999999966,4.349999999999966,10.1,3.8383333333333334,6.17,223.4792369316586,bedeckt_regen,"<img src=""./data/online-icons/w_nebel.svg"" width=""32"">"
2026-02-14,2026-02-17,0.16666666666666666,1.6666666666666667,0.5499999999999545,3.4499999999999886,4.0,3.0870833333333336,3.6,272.6183574240747,bedeckt_schauer,"<img src=""./data/online-icons/w_nebel.svg"" width=""32"">"
2026-02-14,2026-02-18,2.966666666666667,29.666666666666668,-0.8500000000000227,3.349999999999966,0.0,3.2383333333333333,4.12,162.1800950501065,wolkig,"<img src=""./data/online-icons/w_nebel.svg"" width=""32"">"
2026-02-14,2026-02-19,2.1333333333333333,21.333333333333336,0.14999999999997726,3.0499999999999545,0.0,4.1175,4.63,97.40007001328217,wolkig,"<img src=""./data/online-icons/w_nebel.svg"" width=""32"">"
2026-02-14,2026-02-20,4.65,46.5,-1.650000000000034,2.6499999999999773,0.0,3.1954166666666666,3.6,45.836452207108664,heiter,"<img src=""./data/online-icons/w_nebel.svg"" width=""32"">"
2026-02-14,2026-02-21,3.75,37.5,-0.75,3.0499999999999545,0.0,3.4091666666666662,4.12,206.67713224577477,wolkig,"<img src=""./data/online-icons/w_nebel.svg"" width=""32"">"
2026-02-14,2026-02-22,2.25,22.5,2.1499999999999773,4.649999999999977,5.300000000000001,3.9025,4.63,226.8706228125054,bedeckt_regen,"<img src=""./data/online-icons/w_nebel.svg"" width=""32"">"
2026-02-14,2026-02-23,2.95,26.81818181818182,1.6499999999999773,5.75,1.2000000000000002,3.6445833333333333,4.12,227.9551426309237,wolkig_schauer,"<img src=""./data/online-icons/w_nebel.svg"" width=""32"">"
2026-02-14,2026-02-24,3.85,35.0,3.4499999999999886,7.149999999999977,0.0,3.751666666666667,4.12,218.45686028658963,wolkig,"<img src=""./data/online-icons/w_nebel.svg"" width=""32"">"
2026-02-15,2026-02-16,0.016666666666666666,0.16666666666666669,1.1499999999999773,4.449999999999989,8.6,3.81625,6.69,213.59407459204826,bedeckt_regen,"<img src=""./data/online-icons/w_nebel.svg"" width=""32"">"
2026-02-15,2026-02-17,0.03333333333333333,0.33333333333333337,2.1499999999999773,4.349999999999966,5.6,3.1529166666666666,3.6,244.62373206409046,bedeckt_regen,"<img src=""./data/online-icons/w_nebel.svg"" width=""32"">"
2026-02-15,2026-02-18,1.2833333333333334,12.833333333333332,-0.75,1.849999999999966,0.9000000000000001,2.3583333333333334,3.09,316.58287704875215,bedeckt_schauer,"<img src=""./data/online-icons/w_nebel.svg"" width=""32"">"
2026-02-15,2026-02-19,4.766666666666667,47.66666666666667,-2.25,1.75,0.0,3.4095833333333334,4.12,75.7373227338033,heiter,"<img src=""./data/online-icons/w_nebel.svg"" width=""32"">"
2026-02-15,2026-02-20,6.716666666666667,67.16666666666666,-3.3500000000000227,3.75,0.0,3.0862499999999997,3.6,153.21634173047642,klar,"<img src=""./data/online-icons/w_nebel.svg"" width=""32"">"
2026-02-15,2026-02-21,2.35,23.5,1.349999999999966,6.5499999999999545,3.9999999999999996,4.715833333333333,5.66,212.98518746748854,wolkig_schauer,"<img src=""./data/online-icons/w_nebel.svg"" width=""32"">"
2026-02-15,2026-02-22,1.5333333333333334,15.333333333333332,5.949999999999989,10.149999999999977,7.4,5.100416666666667,5.66,230.3759409375562,bedeckt_regen,"<img src=""./data/online-icons/w_nebel.svg"" width=""32"">"
2026-02-15,2026-02-23,2.066666666666667,18.787878787878785,6.0499999999999545,9.349999999999966,6.3,4.7370833333333335,5.66,230.99980954739257,bedeckt_regen,"<img src=""./data/online-icons/w_nebel.svg"" width=""32"">"
2026-02-15,2026-02-24,2.5,22.727272727272727,6.449999999999989,9.149999999999977,3.3,4.46,5.14,222.95901841631593,wolkig_schauer,"<img src=""./data/online-icons/w_nebel.svg"" width=""32"">"
2026-02-15,2026-02-25,2.533333333333333,23.03030303030303,5.449999999999989,8.549999999999955,2.8,4.181666666666667,4.63,211.0847577830302,wolkig_schauer,"<img src=""./data/online-icons/w_nebel.svg"" width=""32"">"
